location,avg_daily_energy_kwh,avg_daily_carbon_kg,anomaly_count,esg_risk_score,esg_rating
Office,165.44258064516123,0.4757174125026354,15,0.9739,2.61
Home,40.40496774193548,0.17348593604108312,1,0.0,100.0
Factory,132.96861290322582,0.5000385224654378,6,0.7931,20.69
